time_id,rmse,mae,mda
128,3.9555505005604835e-05,2.597799047354631e-05,0.8
337,4.1682998848609996e-05,3.338726680453049e-05,0.8
373,7.66332993342126e-05,4.4356259414428686e-05,1.0
535,2.240661386370986e-05,1.6559921170751923e-05,1.0
886,4.4738192731946855e-05,4.099400292572184e-05,1.0
1365,5.515268398472878e-05,4.861884042886122e-05,0.8
2184,5.24398141406537e-05,4.668365168548831e-05,0.8
2259,3.3736670248671204e-05,2.4975655650793986e-05,0.8
2392,0.00027196722800399776,0.00017459365672306567,0.4
2491,2.6490640343851405e-05,2.029716526759277e-05,0.6
2568,6.826680934569563e-05,5.030863881245681e-05,0.8
3655,9.009652306506603e-05,6.24749108587907e-05,0.8
4004,3.691668797230312e-05,2.426255269277221e-05,0.6
4106,4.3986688566425085e-05,3.592383757771356e-05,0.6
4173,3.455922905123617e-05,3.104739719916579e-05,1.0
4310,0.00011288057814370296,7.29448118683577e-05,0.6
4432,3.133747469427589e-05,2.5073568811835475e-05,1.0
5300,1.5949061962852837e-05,1.0954010134249977e-05,1.0
5347,3.312571105682419e-05,2.797777728036822e-05,1.0
5510,3.0391157438870396e-05,2.707959358062354e-05,0.8
5749,5.877168561372391e-05,3.0235827579939027e-05,1.0
5756,6.14667327266325e-05,5.279797160900855e-05,0.8
6089,4.4029475430993377e-05,2.5463637575138924e-05,0.6
6102,2.899997322433809e-05,2.392254342439932e-05,0.8
6562,5.018611338870512e-05,3.845123831021266e-05,0.8
6782,8.113931048428423e-05,6.311086219867472e-05,1.0
6931,7.946776746871e-05,5.295919412345466e-05,0.6
7629,5.373809491421025e-05,4.5748679131203845e-05,0.8
7843,1.9716907350515884e-05,1.4081185132430358e-05,1.0
8068,0.00012428462496655562,9.728240931006109e-05,0.8
8101,0.0001466111812783843,9.408656930341013e-05,0.4
8573,6.465771253028528e-05,4.5971077180400916e-05,0.6
8708,8.789320995379576e-05,7.618697776257008e-05,1.0
9100,5.940840186130431e-05,4.186288030461251e-05,0.6
9427,0.00045251110221504286,0.00033402361434703545,0.8
10123,5.7180756501318306e-05,4.333674558753378e-05,0.8
10530,7.686447036301492e-05,6.669949913166626e-05,0.6
10559,6.950283147636408e-05,5.40201310616267e-05,0.8
10628,3.0687507037565816e-05,2.2978022427155506e-05,1.0
10932,7.465292747033075e-05,5.1745238178517606e-05,0.8
11642,0.00013389504856549614,6.630347771577779e-05,1.0
11987,1.9925540099493578e-05,1.8442995796991297e-05,0.6
12073,6.87118409254737e-05,5.882116609593219e-05,0.6
12103,5.740227526493729e-05,4.318856783166301e-05,0.6
12419,2.128844789034895e-05,1.7170794500466668e-05,0.8
12481,5.739626263734399e-05,5.0105183649685386e-05,0.8
12498,8.476031993512494e-05,5.7164917480863517e-05,1.0
13102,1.9963088142526303e-05,1.560106199641647e-05,1.0
13217,3.66136723646215e-05,3.0181101272515172e-05,1.0
13382,0.00010031258300568354,8.982398674348715e-05,1.0
13436,4.5866748968626706e-05,4.2233412112910556e-05,0.8
13484,2.252064530568753e-05,1.89644406313289e-05,1.0
13579,0.00016366238542864226,7.921051520321265e-05,0.6
14561,8.67436873298665e-05,6.451007150485022e-05,0.8
14579,4.440040452946628e-05,3.7071465320989725e-05,0.6
14797,3.9331022468826265e-05,2.874759574375726e-05,0.6
15633,4.670696270796803e-05,4.311123415421387e-05,1.0
16017,7.611874473843548e-05,4.869331265800155e-05,1.0
16660,4.756066499211656e-05,3.270168992691203e-05,0.8
16774,7.840345679626883e-05,6.788090945275198e-05,1.0
17259,3.878852860952532e-05,2.5342978823206237e-05,1.0
17293,6.259844983957724e-05,5.7500491632000865e-05,1.0
17315,8.781793668000586e-05,7.665199002733234e-05,0.8
17565,0.00013061355949394528,0.00010538881468817077,0.6
17841,4.283272612385928e-05,3.2732147292357237e-05,0.8
18178,3.1939463539671566e-05,2.3214586991346753e-05,0.8
18212,7.527643894007705e-05,6.234207114991632e-05,0.2
18514,2.9197234557652498e-05,1.659010794952005e-05,1.0
18993,7.729220054128122e-05,5.2262423910544114e-05,0.6
20329,0.00025898048130018505,0.00017779216000807045,0.8
21083,4.792962163816313e-05,3.858656315094465e-05,1.0
21805,0.00028916688225704643,0.00018673469951003757,1.0
22038,5.3531799490584324e-05,4.571380593161381e-05,1.0
23202,6.142461368501188e-05,3.948184715465876e-05,1.0
23220,5.525707238149599e-05,3.6449906761577793e-05,1.0
23226,3.717315436679139e-05,2.8937471371350394e-05,1.0
23265,9.104002140534166e-05,6.087158173359374e-05,1.0
23405,3.743182781531625e-05,3.19091432413992e-05,0.8
24357,0.00014337301305997964,0.00010467431204707685,0.8
25437,8.751012934699547e-05,7.872143352156972e-05,1.0
25584,6.655607486907782e-05,5.2129961706196194e-05,0.8
26125,6.70603669021138e-05,6.024746017427312e-05,0.6
26336,0.00014085690532218746,0.00010885711296214537,0.8
27771,6.187378731828391e-05,5.339837845210864e-05,1.0
28022,6.44647750159815e-05,4.495670665312823e-05,0.2
28078,6.254834196402548e-05,4.590853229633444e-05,1.0
28512,4.0619697962296315e-05,3.505579713779185e-05,0.8
28656,6.134838423871487e-05,5.0888519446518315e-05,0.8
28820,0.0002555322539203768,0.0001479814341444073,1.0
28983,5.547864070707994e-05,4.236938939140251e-05,0.6
29885,5.947449824246159e-05,5.643645151591299e-05,0.8
30023,6.600706304416268e-05,6.174421662695739e-05,0.8
30232,8.064317956164337e-05,6.292042978079026e-05,0.6
30641,5.073143083633475e-05,4.7221980888805585e-05,0.8
30774,8.490364131123164e-05,5.728162361842866e-05,1.0
30793,0.00017000940945559776,8.457413117892827e-05,1.0
31083,0.00013008226225379627,6.89895740496991e-05,0.8
31170,0.00020730679595025564,0.00018920834365081964,1.0
31236,7.553373110189052e-05,6.310867120066617e-05,0.8
32748,6.626230960896174e-05,5.485360219292841e-05,0.8
159,4.480772767095616e-05,2.9681126884572245e-05,0.8
436,1.1556709387010399e-05,7.043288851846e-06,1.0
947,1.638705994296348e-05,1.4296187833788977e-05,0.8
1348,3.828731044523672e-05,3.132822805610771e-05,0.8
1565,1.2800784924370187e-05,1.060577134493323e-05,1.0
1827,3.1243078022420656e-05,2.1197495634162236e-05,1.0
2076,2.5805830650448802e-05,1.8891500684349672e-05,0.8
2125,1.9631975791618872e-05,1.4329502717436235e-05,0.6
2447,1.9140421755877685e-05,1.4386556671330464e-05,1.0
2903,6.744258053283979e-05,5.252368444005881e-05,1.0
2908,2.559522716524987e-05,2.3045736161169764e-05,0.6
2992,6.817689999980867e-05,3.79984527240496e-05,0.6
3333,3.2311499023088656e-05,2.8216280320816634e-05,1.0
4032,5.60265832800081e-05,3.803856462910625e-05,1.0
4377,2.537027901557642e-05,1.806772477367655e-05,0.8
4493,4.067261256979726e-05,3.094948784069371e-05,1.0
4601,3.398302413222303e-05,3.0159496370494573e-05,0.8
4616,9.405932221289749e-05,6.488647200317837e-05,1.0
5124,2.3474113715059293e-05,1.9271543090637253e-05,1.0
5218,2.8183674755489778e-05,2.064582851391424e-05,0.6
5302,2.2954422425062507e-05,2.1538080818340538e-05,1.0
5682,2.2965892946004872e-05,1.8664877647465322e-05,1.0
5904,3.1263963933510433e-05,2.22416263444301e-05,1.0
6068,1.862092173430011e-05,1.5377542633640958e-05,1.0
6177,0.00011744339904532774,6.055459433406177e-05,0.8
6356,3.3782857381081926e-05,2.991632625813992e-05,0.8
6566,3.152881716229673e-05,2.603759451952451e-05,1.0
7632,0.00029232747189390134,0.00020300935906701913,0.8
7752,2.3431636795584562e-05,1.3438506899786625e-05,0.8
7884,0.0001290340395464873,0.00010550494221490087,0.8
8623,3.985933618082306e-05,2.957859361352873e-05,1.0
8776,3.168663337176441e-05,2.3827848216521652e-05,1.0
9779,0.00017625514505807368,9.922479584834364e-05,1.0
10071,8.209726849261028e-05,4.8980710849401425e-05,1.0
10642,1.1102166660771778e-05,8.483911952320935e-06,0.4
10708,1.7468203748284696e-05,1.2301975418506684e-05,0.8
10751,6.963514095897303e-05,5.948901676534049e-05,1.0
10767,4.2814575631630646e-05,3.093115343758249e-05,0.8
10779,4.0495284160812005e-05,3.218478194714938e-05,1.0
10892,5.180175287454178e-05,3.954121198173287e-05,0.6
11120,1.3369175814792224e-05,1.1697088013406877e-05,0.8
11735,0.00012245289282619668,0.00011011962772474114,0.6
12225,1.8468801224312564e-05,1.2443423799648879e-05,1.0
13362,7.922485395450543e-06,6.556026802164628e-06,0.8
13643,0.0001548214110518207,9.167826364018149e-05,0.6
13791,0.00012144366425512475,8.674851065586853e-05,0.4
14176,4.856081103383387e-05,3.587159455806856e-05,0.8
14312,9.852313938614747e-06,7.354261807496515e-06,1.0
14422,1.6822562376351267e-05,1.4746388492684471e-05,1.0
14751,1.1825034445780619e-05,7.9683411414415e-06,1.0
14926,6.181017576335325e-05,3.53337400242425e-05,1.0
14970,7.794202450067733e-05,4.9898587366216004e-05,0.8
15335,3.553126674885279e-05,2.5146289115818318e-05,0.8
15547,2.3630182257692007e-05,1.971459841091433e-05,0.8
15671,9.173016638424294e-05,6.0419016685615955e-05,1.0
15765,2.9754007636092462e-05,2.5340543709705403e-05,0.6
15840,3.6891155174975425e-05,2.2426441652475566e-05,1.0
17109,2.7013328381440963e-05,2.3400365176756675e-05,1.0
18082,2.673759812996109e-05,2.0478472669090425e-05,0.6
18586,5.223273381651936e-05,4.632295481426084e-05,1.0
18916,3.7420532580376065e-05,3.617883660424835e-05,0.8
19155,6.34517489563996e-05,4.606236144156868e-05,1.0
19489,8.546695404577073e-06,7.241198434881846e-06,0.8
19531,2.733900326709237e-05,1.8295069343004317e-05,0.8
19725,0.00036930055719282723,0.00032975362560749844,0.8
20172,2.9572623230990616e-05,2.204864825310474e-05,0.8
20405,1.4917310201687787e-05,1.097292859238457e-05,0.6
20499,1.0746179380934723e-05,8.923336710404942e-06,0.8
20858,6.372300774088883e-06,5.651314407078993e-06,0.8
20914,9.9418174423974e-06,6.439287848648045e-06,1.0
20944,2.5710256998719495e-05,1.9985649375279792e-05,0.8
21602,2.4235407136011588e-05,2.229976525252412e-05,1.0
22026,2.1411484355266153e-05,1.7130509524922234e-05,1.0
22697,2.7152430460713363e-05,2.155518862178161e-05,1.0
23796,1.2016542065600878e-05,9.873195462942673e-06,1.0
23962,4.548042145854785e-05,2.920666166060484e-05,0.6
24073,7.6996026464029e-05,5.8207675886182044e-05,0.6
24662,1.3423281747488038e-05,1.0419469945062141e-05,1.0
25641,4.882323233554168e-05,3.1025048837294196e-05,0.8
26572,1.8665637137560286e-05,1.5279119093731676e-05,1.0
26798,4.624225262313563e-06,4.161284827754292e-06,0.8
27014,5.161465073495041e-05,3.575079468199326e-05,1.0
27215,0.00013213727963651178,7.350957987612177e-05,0.8
27427,5.604530629476141e-05,4.4018824264995205e-05,1.0
27514,5.23460669083048e-05,4.0366168589198096e-05,1.0
27833,2.6693054550536363e-05,2.3327513628971534e-05,0.6
27886,4.761869437996861e-05,2.9864341083861212e-05,1.0
28596,8.2069667995392e-05,6.99810700196779e-05,0.8
29246,2.57110455536688e-05,1.7396807984013264e-05,1.0
29480,2.449817241751955e-05,1.9070949888877037e-05,0.8
29494,1.6823321212681665e-05,1.239158433521901e-05,0.8
29507,3.2797504461611594e-05,2.353493018877154e-05,1.0
29672,2.0936642084563375e-05,1.630208822026022e-05,0.8
30657,7.818127880290552e-05,6.0231538907712895e-05,0.8
30798,2.3674851078985855e-05,1.7809696264707922e-05,0.6
30824,0.00020471097518610584,0.0001549070173776137,0.2
31331,0.00011823034439076247,7.530885919398673e-05,0.8
31854,9.226737533423189e-05,7.298105539749124e-05,0.6
32330,1.6949577523932844e-05,1.4614890087016175e-05,1.0
32736,0.00012748188510589028,7.139883193030516e-05,1.0
157,4.8168873201526226e-05,3.75372472659702e-05,0.6
633,8.867121361547528e-05,5.688954966150974e-05,1.0
886,9.885488249958778e-05,7.304548876737101e-05,1.0
1292,3.9492198186367864e-05,3.590608919634303e-05,1.0
1513,5.6451589454156776e-05,4.115345469623452e-05,0.6
1663,6.715524139708052e-05,6.052026018075007e-05,0.8
1810,8.041151404919839e-05,5.315998500941678e-05,1.0
1820,6.399056172653233e-05,3.991644297167709e-05,0.8
1862,9.751718501661965e-05,7.874190565770395e-05,1.0
1920,0.00012555884612726884,8.027020230630031e-05,0.8
1998,0.0001983758617493503,0.0001323706137589329,1.0
2553,0.00012205269080704429,7.930118851766508e-05,0.4
2567,4.204616182204203e-05,2.8551108740582092e-05,1.0
2568,5.861705826692363e-05,4.2928719844072736e-05,0.8
2591,8.556254539671655e-05,6.415145222722994e-05,1.0
2883,6.288272914225609e-05,5.658024145727839e-05,0.8
3154,5.4042675415887914e-05,4.400491799198816e-05,0.6
3291,7.667230108495154e-05,5.737585628244457e-05,0.8
3516,3.7016754486005566e-05,2.7542698120639058e-05,1.0
3601,5.0916750659082994e-05,4.1862048588831804e-05,0.6
3884,6.094952536057895e-05,4.531695581569373e-05,1.0
4004,5.700322168766504e-05,4.6713537911309386e-05,0.8
4069,4.0850384102012834e-05,3.318720312744803e-05,0.8
4084,3.898895657561105e-05,3.575065221885638e-05,0.8
5400,5.10401418088518e-05,3.701646747517775e-05,0.8
6213,0.0004691353508086068,0.0002342347778369206,0.8
6256,7.196611548509296e-05,5.638933117052828e-05,1.0
6545,3.3753643816416114e-05,3.038503622272844e-05,0.6
6679,7.77354581659931e-05,5.659186820294225e-05,1.0
6693,3.467451965891725e-05,2.1730973543541586e-05,0.8
6850,4.6066146182016215e-05,2.9016187225086706e-05,1.0
7005,1.7634618763955544e-05,1.7102661434548286e-05,0.6
7260,4.176311882236424e-05,3.2605807426660705e-05,1.0
7465,5.64295108434834e-05,4.0558831220516544e-05,1.0
7624,7.429298610108638e-05,6.521256706406106e-05,0.8
7909,0.00013477991487464484,8.09533085940122e-05,0.8
8191,0.00010273911628045896,5.030602328981171e-05,0.8
8573,1.8770227511150234e-05,1.2991872813791495e-05,1.0
8590,4.3828813309969056e-05,2.9235492404751644e-05,0.8
8937,4.5524712011123177e-05,3.957045316120563e-05,0.8
9243,2.9843314026311785e-05,2.315915865812772e-05,1.0
9279,4.190899852595245e-05,3.70666033125079e-05,0.8
9779,0.00028640717215825843,0.0002434496943509597,0.6
10111,4.5025332370504095e-05,3.304997977081686e-05,0.8
10209,4.060358199060369e-05,3.91128509749292e-05,0.6
10642,3.046884175336633e-05,2.3312677636983418e-05,1.0
11874,2.595088862820097e-05,2.3996073469631497e-05,1.0
12584,0.0001503259803497709,0.00013933912079800708,0.6
13305,8.15453580668228e-05,6.724967635306658e-05,0.8
13321,7.829777735417203e-05,5.7592231971445735e-05,1.0
13410,0.00010114981692308586,7.907732616908217e-05,0.4
13421,4.3811943263379715e-05,2.8188107027897014e-05,1.0
13851,5.6605398346462035e-05,5.0974725062404414e-05,1.0
14093,8.72576458331393e-05,5.0091587408058086e-05,1.0
14435,3.229802412738005e-05,2.808130387947093e-05,1.0
14442,4.54965315341922e-05,4.079358248200814e-05,0.8
14646,8.45484808226114e-05,6.264851154963906e-05,1.0
14795,8.055904988396545e-05,6.99111624143339e-05,0.8
14897,6.873764595084e-05,5.2721461887757377e-05,0.8
15092,7.015990707867758e-05,5.9601179304005583e-05,0.8
15173,3.4415200379980277e-05,2.6220767404188416e-05,0.8
15319,2.8240295656999856e-05,1.7615257921848447e-05,1.0
15730,3.066935664273791e-05,2.1050577049120198e-05,0.6
16127,0.00017153484281816488,8.655938509987591e-05,1.0
16320,7.846992127344068e-05,5.198806100596387e-05,0.8
16666,6.510050048877868e-06,6.290855774101419e-06,0.6
16978,5.143693557165068e-05,3.057490704941362e-05,1.0
17785,6.937206130319636e-05,5.93546402492928e-05,1.0
17838,3.03484096900492e-05,2.4883821590226565e-05,1.0
19234,5.677316546809081e-05,5.116059866960735e-05,0.8
19309,8.865328316617836e-05,6.613695948755358e-05,0.6
19629,0.00010356807086647399,6.92408497768054e-05,1.0
20410,6.0269612227715466e-05,4.841688611632028e-05,1.0
20935,3.7553618552701183e-05,2.6643444987604015e-05,1.0
20973,7.016615299060383e-05,3.956296255231042e-05,1.0
21079,5.165585401059602e-05,4.052710831408201e-05,1.0
22106,5.735390686801785e-05,5.19431643063209e-05,0.8
22946,5.775141905709484e-05,4.046507778931149e-05,1.0
22973,2.3553701061870906e-05,2.1008999104251628e-05,1.0
23254,6.552128123069068e-05,4.597964670426192e-05,1.0
23750,3.246555091307944e-05,2.3612980051666016e-05,1.0
24457,0.00012701936420048856,8.633310303740709e-05,0.6
25569,0.00023338460752722425,0.0001597485262901574,0.8
25636,0.0001610221134873322,0.00012050589282293501,0.4
25680,7.086052402469803e-05,4.837360481305933e-05,1.0
25712,0.00010367726993583035,6.535738960214192e-05,0.8
25731,4.201106382057032e-05,3.424039257846298e-05,0.8
26538,0.0002595895833872922,0.0001508725594629413,0.6
27957,0.00010954235317760508,8.132801933590567e-05,1.0
28292,0.00020373176918472258,0.0001969444086477862,1.0
28838,0.0001661251562116025,0.00010067796750066231,1.0
30334,2.9721942161775127e-05,2.372088820177212e-05,0.6
30376,0.00025078894863816195,0.00019895222006343586,1.0
30866,0.0001081577374949974,7.665973681099217e-05,0.8
30999,3.934803109489187e-05,3.48156820339084e-05,0.8
31656,0.00010850293129060118,5.5260748688754374e-05,0.8
32175,3.5502186672735395e-05,3.117606075260685e-05,1.0
32376,2.9569431860577658e-05,2.0451659254710353e-05,1.0
32709,3.592102109558155e-05,3.170006078771013e-05,0.6
32750,0.00010096891311440258,7.974672976465305e-05,0.6
229,8.90070828217361e-06,7.211633356577557e-06,0.8
232,3.010139197372423e-05,2.2269856595351064e-05,0.8
326,2.5522339047612645e-05,2.148849488389326e-05,0.8
420,8.868906811191023e-05,7.449041347350228e-05,1.0
904,2.476785443609148e-05,2.2597241919339935e-05,0.8
1365,4.211786371070286e-05,2.7677375197892303e-05,0.8
2076,1.0408606855912394e-05,8.165319558246654e-06,1.0
2136,1.4580211551224505e-05,1.431185740519189e-05,1.0
2553,1.7025671200851853e-05,1.5071716038137064e-05,0.8
3270,2.177260992712363e-05,1.7161527536545962e-05,0.6
4052,1.2465018138504684e-05,9.833444292383043e-06,1.0
4140,1.3481643417526107e-05,1.2295724315198534e-05,1.0
4173,2.0047013714281582e-05,1.7283828812350464e-05,0.8
4265,3.540057922743454e-05,2.1204608772465793e-05,0.8
4661,2.1468739954993056e-05,2.0720338953187873e-05,1.0
4797,3.003556046950089e-05,2.5876672970353053e-05,0.8
5141,5.293770570063092e-05,4.364887232583165e-05,0.6
5193,2.836625677365115e-05,2.491222709005274e-05,1.0
5539,1.7128325209453943e-05,1.6370450293813627e-05,0.8
5817,5.117626540826819e-05,3.938397584791909e-05,1.0
5825,8.239978589423511e-06,6.429590206729108e-06,1.0
5910,3.5067355833417075e-05,2.6146610343399058e-05,0.8
6020,1.7435184947260193e-05,1.4936803957931783e-05,0.8
6235,1.3651442458202897e-05,1.0481343061413782e-05,0.8
7624,3.476360681198484e-05,2.640084135368258e-05,1.0
7629,3.743838735588647e-05,2.8665930804875302e-05,0.8
7674,3.3247801665911594e-05,2.6684165017291702e-05,0.8
8009,4.926299379726907e-06,3.37511476914378e-06,1.0
8554,1.470086957419663e-05,1.1688770436568676e-05,0.8
9038,1.2306505525228197e-05,9.576091922059961e-06,1.0
10070,1.2473349348766885e-05,9.068905522025686e-06,1.0
10491,3.767424301774358e-05,2.2681156058184e-05,0.6
10523,0.0002652715155475044,0.00013285520932852774,0.8
10610,1.6074190437464706e-05,1.1017391135830255e-05,1.0
10994,1.4864610199441475e-05,1.170998808249297e-05,1.0
11007,6.990013270478692e-05,4.398604477659463e-05,1.0
11096,3.59989479502165e-05,2.677779636045534e-05,0.8
11607,5.398704052600601e-05,3.133349870948865e-05,0.8
11722,1.376576603467453e-05,1.2035983126634515e-05,0.8
12206,5.954790117754663e-06,5.330478181579752e-06,0.8
12780,3.690380639211289e-05,2.9054778500932214e-05,1.0
13598,8.546346096912044e-05,5.813436813419491e-05,1.0
13643,4.142686774349447e-05,3.718068717331098e-05,0.8
13771,5.09543148065559e-05,2.477937233030058e-05,1.0
13928,1.2764052906085363e-05,9.755396243110455e-06,1.0
14218,1.7443585709962202e-05,1.2786742690993445e-05,1.0
14420,2.857084643306099e-05,2.484393812477825e-05,0.8
14913,2.957622923803342e-05,2.262414091295426e-05,0.8
15209,2.7365872770111668e-05,2.285454754224419e-05,0.8
15319,3.096813941939244e-05,2.176018242645855e-05,1.0
15499,3.082934584253181e-05,2.0677229818352925e-05,1.0
16526,2.4523425828427917e-05,1.7869194891030548e-05,1.0
17076,9.2805012084752e-05,7.145072861851367e-05,0.8
17120,2.0165512807476737e-05,1.6108117172103236e-05,1.0
17490,3.057748756339387e-05,2.31542607594139e-05,0.6
17522,5.5727459019011586e-05,4.4768159143829675e-05,1.0
17987,0.00010246087101043415,7.761397001526529e-05,0.8
18072,6.889430047442213e-06,4.946444395754838e-06,1.0
18088,1.5553614518277805e-05,1.4056929724703102e-05,1.0
18629,9.396660252543427e-06,7.604070374582126e-06,1.0
18831,5.915390554479659e-05,3.679298136822371e-05,0.8
18940,2.3218269552979177e-05,1.9109597161715435e-05,0.8
18955,2.363898984986156e-05,2.000427873396573e-05,0.6
20227,4.091092408328517e-05,3.34138209538559e-05,1.0
20317,9.749909170510451e-05,7.194825996278694e-05,0.6
20329,3.62173603720704e-05,2.91081145153835e-05,0.8
20953,3.0940343327666846e-05,2.282393526700753e-05,0.4
21208,7.750075273410625e-06,6.803150435733213e-06,1.0
21248,2.2165451392153052e-05,2.1132139983520788e-05,1.0
21734,5.0277286460843155e-06,3.896451514165378e-06,1.0
21777,0.0001642444513902717,0.00010946380516571655,0.8
21883,1.0972549317414207e-05,9.754396458128149e-06,0.6
21897,3.6524702559912615e-05,2.0818778001730815e-05,1.0
21990,1.0644273077239219e-05,9.192016009416365e-06,0.6
22542,1.7277532222788455e-05,1.3260397986853651e-05,0.8
22638,4.1576090200618055e-05,3.5788310530539986e-05,0.8
22884,4.563223813810541e-05,2.4849576928177278e-05,0.8
23598,4.702190040129401e-05,4.052900062590945e-05,1.0
23794,3.02675886654774e-05,2.285030099371837e-05,1.0
24351,1.7636953817800497e-05,1.4578075221469885e-05,0.8
24497,1.5044065218314258e-05,1.1065621953170067e-05,1.0
24775,2.3227253436901026e-05,1.5505383878899003e-05,1.0
24949,5.709295733387542e-05,3.676998862561142e-05,1.0
24989,8.358289741959854e-05,3.82732682966217e-05,1.0
25030,3.152076177973309e-05,2.1633159676958912e-05,1.0
25059,1.906709589072393e-05,1.2512976596427208e-05,1.0
25639,1.4275339323255706e-05,1.0378275629369515e-05,1.0
25773,1.6769852039835433e-05,1.5420226929623572e-05,1.0
26125,2.0771040206405308e-05,1.719269082941e-05,1.0
26494,1.3143874577551985e-05,1.0159510089731091e-05,1.0
26944,6.067176529441087e-05,4.3880791699790734e-05,0.8
27095,1.0860716556307851e-05,7.406917629380263e-06,0.8
27403,3.902842785497395e-05,2.4714512307663778e-05,0.8
27514,9.661665102697639e-05,6.738089480781717e-05,0.8
27846,3.708974634309079e-05,2.4755031393877098e-05,0.8
28837,4.356935957517161e-05,3.920860271764324e-05,1.0
30212,2.920535474629765e-05,2.301024244701391e-05,0.8
30986,4.43295887627573e-05,3.7569892859411425e-05,0.8
31348,1.424586527376226e-05,1.1173552054061803e-05,1.0
32466,0.00010114594463584991,7.535635131203644e-05,1.0
213,0.00010942233648550317,8.464486275905196e-05,1.0
545,2.9768246944572515e-05,2.6251718876937843e-05,0.8
627,3.946541761769653e-05,3.237201636664385e-05,0.6
957,3.9955927456699025e-05,3.389048750416846e-05,1.0
1191,0.00011779197788061924,9.37187517584468e-05,1.0
1198,6.546517477164014e-05,4.869026883508535e-05,0.8
1980,0.00026314712775863693,0.00015332119237597696,1.0
2183,5.453341845226604e-05,4.125474706124596e-05,0.8
2458,3.774386704594574e-05,2.8319874421190892e-05,1.0
2510,4.635145546801805e-05,4.127987670471393e-05,0.4
3033,0.0001020048110167945,7.872846723978286e-05,0.6
3318,6.136154319715232e-05,4.6254847004029436e-05,0.8
3414,0.0001529588582542371,9.068902827954627e-05,0.8
3703,0.00012561023809395757,0.00010738007547091731,0.6
4038,0.0001983211357190111,0.0001177808133481922,0.6
4067,5.6335019105344695e-05,3.744195692163907e-05,0.8
4103,2.3505494571373936e-05,1.9683154782396465e-05,0.8
4155,0.0002561929262423529,0.0002269863670211562,0.6
4173,1.805070674700268e-05,1.5967069215247e-05,1.0
4193,8.676325021298031e-05,5.7680704390466016e-05,0.8
4219,0.00015198302625793356,7.50106482862051e-05,1.0
4470,0.00013957308097273103,8.226026596840714e-05,0.8
4518,9.295969771184258e-05,8.277523717118398e-05,0.8
4957,0.0001564125805544823,0.00011334301270924574,0.6
5173,7.91344656235186e-05,5.7851851420943737e-05,1.0
5510,0.00012115251298213861,8.256149579608841e-05,0.8
6367,6.03525487696294e-05,4.063392450581706e-05,1.0
6647,5.5345279282063445e-05,5.0025848434732466e-05,0.8
6827,4.7725721197272944e-05,4.4646123445541914e-05,0.6
7180,7.748534017467851e-05,4.912328411802954e-05,0.8
7845,8.187475595527202e-05,5.8027132424999215e-05,0.8
8190,8.54923517870687e-05,6.722063661334034e-05,0.8
8534,0.00011832723679151064,7.738047233125865e-05,0.8
9222,5.81501404468495e-05,4.927833008739038e-05,0.6
9367,3.9911768243338294e-05,2.921191590845898e-05,0.8
9438,4.5774610263836046e-05,3.839071068823016e-05,1.0
9665,7.463813363551047e-05,5.562595751214589e-05,0.8
9846,5.7960844033942294e-05,5.471624596759412e-05,0.8
9972,4.0630088399985115e-05,3.323887388455498e-05,0.8
10111,8.273221958031955e-05,5.59786454379499e-05,0.8
10702,0.00013044692719217278,7.033751069875217e-05,0.8
11041,4.654506500614372e-05,4.047249360046075e-05,1.0
11589,4.730342316801421e-05,3.416904021580791e-05,0.6
12703,8.917776728146866e-05,6.972121792895745e-05,0.8
12760,7.359473465945305e-05,5.184315297231505e-05,1.0
13821,3.3029499042567746e-05,2.8834484709912173e-05,1.0
14111,0.00017100802147575688,0.00010879810039030823,0.8
14305,4.634419484732762e-05,3.442711087569487e-05,0.8
15092,6.50402683867878e-05,5.4860853525201505e-05,1.0
15703,2.91464062056183e-05,1.8924343570170452e-05,1.0
15938,1.4859971644969268e-05,9.450975538759112e-06,1.0
16793,0.00012712094747442665,0.00010960760037953039,0.8
17034,5.545501020732509e-05,4.2869322723885246e-05,0.8
17210,2.7110643842210082e-05,2.3837630942803994e-05,1.0
17217,3.918862923153499e-05,3.2899240246412856e-05,0.8
17259,1.5991953156775512e-05,1.2706757789247501e-05,1.0
17355,2.5557151662112305e-05,2.0760538055581983e-05,1.0
19104,0.00012706288677291998,8.691242870505535e-05,1.0
19476,0.00012033548255497685,8.226923898041894e-05,0.8
20268,6.127364034861834e-05,5.566200360078367e-05,0.8
20326,1.0949146434447943e-05,8.2076532362242e-06,1.0
20453,1.5909606998004204e-05,1.379331691213193e-05,0.6
20770,4.232512819199325e-05,2.049781785536314e-05,0.8
20785,7.703899336425453e-05,6.97699251468103e-05,1.0
20843,0.00017300238252858152,0.00014770813855718672,0.8
21307,6.134078192064548e-05,5.599652542294723e-05,0.8
21920,6.27979621535004e-05,4.240161208512653e-05,1.0
22752,5.2581836078964976e-05,4.593022299558333e-05,1.0
22903,7.733735512562188e-05,6.550713864978139e-05,1.0
22928,3.9335677767215536e-05,3.0112706309141012e-05,1.0
22946,2.8929569900743225e-05,2.7598809492463745e-05,1.0
23405,2.399130392504911e-05,1.4431259907965888e-05,0.6
24143,7.647835487369631e-05,6.319926938158852e-05,0.8
24523,6.057100376412406e-05,3.495249486585949e-05,1.0
24589,5.3250343667609446e-05,4.049548187216188e-05,0.6
25002,7.024454265897697e-05,5.221267293665521e-05,0.6
25335,0.00011855260867338247,7.500726547840211e-05,0.8
25616,1.9912030168005848e-05,1.8561587833002368e-05,1.0
25866,9.119203842240449e-05,6.694223537714767e-05,0.8
26204,3.835444095295252e-05,3.089108866642745e-05,1.0
26314,7.088043682818801e-05,4.896915824618516e-05,1.0
26586,7.743782146027622e-05,6.392216372248735e-05,0.6
26752,6.619182035811681e-05,4.3560419087369926e-05,0.2
26889,2.4891115753721068e-05,2.062257608007356e-05,0.6
26955,3.1557612096988813e-05,2.768521513875417e-05,0.8
27240,4.99411960417037e-05,3.9624936144174744e-05,0.6
28499,0.0001059564287718756,6.654633884766843e-05,1.0
28838,0.00010681047218325032,9.070029625455083e-05,0.4
28881,3.219406370469326e-05,2.855801096884184e-05,0.4
28969,9.58467208352577e-05,7.005812951146226e-05,1.0
29330,2.2165027528282932e-05,1.564880023553488e-05,1.0
29448,4.236060227406221e-05,3.056105752406623e-05,0.6
29664,9.045847223376138e-05,7.560120965154613e-05,0.8
29885,3.398936533768544e-05,3.024801210198069e-05,1.0
29990,3.0496774376710525e-05,2.5740974339323318e-05,1.0
30208,0.00017536326514583505,0.00015395237155506344,0.8
31404,4.6886647259387314e-05,4.323780603915342e-05,0.8
32033,4.885016048801439e-05,4.390671370055289e-05,1.0
32433,6.306488679645795e-05,3.731282541317206e-05,1.0
32750,4.900677634856203e-05,4.294084813294343e-05,0.8
