date,time,time_id,stock_id,seconds_in_bucket,bid_price1,ask_price1,bid_price2,ask_price2,bid_size1,ask_size1,bid_size2,ask_size2
2021-01-05,11:00:00,12,8382,1.0,722.1700000000002,722.63,722.1500000000002,722.64,100,25,25,20
2021-01-05,11:00:00,12,8382,2.0,722.1800000000002,722.88,722.1700000000002,722.98,25,10,66,100
2021-01-05,11:00:00,12,8382,3.0,722.33,722.6500000000002,722.27,722.74,25,120,200,25
2021-01-05,11:00:00,12,8382,4.0,722.6800000000002,722.98,722.48,723.0,25,100,25,1
2021-01-05,11:00:00,12,8382,5.0,722.52,722.96,722.4200000000002,722.97,125,20,3,110
2021-01-05,11:00:00,12,8382,6.0,722.36,722.69,722.35,722.7,2,20,25,100
2021-01-05,11:00:00,12,8382,7.0,721.6600000000002,721.94,721.63,722.09,1,10,14,35
2021-01-05,11:00:00,12,8382,8.0,721.84,722.01,721.7800000000002,722.09,1,125,25,25
2021-01-05,11:00:00,12,8382,9.0,721.69,721.94,721.58,722.0600000000002,100,25,13,25
2021-01-05,11:00:00,12,8382,10.0,721.69,722.0600000000002,721.58,722.1600000000002,101,25,13,50
2021-01-05,11:00:00,12,8382,11.0,721.5400000000002,721.69,721.51,721.77,100,139,155,25
2021-01-05,11:00:00,12,8382,12.0,721.34,721.5400000000002,721.21,721.6,200,100,3,25
2021-01-05,11:00:00,12,8382,13.0,721.2,721.48,721.19,721.5,110,25,1,10
2021-01-05,11:00:00,12,8382,14.0,721.22,721.61,721.2,721.73,11,26,110,25
2021-01-05,11:00:00,12,8382,15.0,721.1500000000002,721.4100000000002,721.14,721.6,150,154,200,10
2021-01-05,11:00:00,12,8382,16.0,721.1700000000002,721.4100000000002,721.1500000000002,721.5,27,104,150,25
2021-01-05,11:00:00,12,8382,17.0,721.2,721.4100000000002,721.1600000000002,721.61,150,60,100,26
2021-01-05,11:00:00,12,8382,18.0,721.3000000000002,721.5300000000002,721.2,721.61,100,25,150,1
2021-01-05,11:00:00,12,8382,19.0,721.24,721.61,721.2,721.64,1,1,150,25
2021-01-05,11:00:00,12,8382,20.0,721.2,721.34,721.1600000000002,721.39,160,5,100,40
2021-01-05,11:00:00,12,8382,21.0,721.1500000000002,721.49,721.14,721.6,150,25,200,25
2021-01-05,11:00:00,12,8382,22.0,721.2,721.48,721.1600000000002,721.6,4,25,1,25
2021-01-05,11:00:00,12,8382,23.0,721.1600000000002,721.48,721.1500000000002,721.6,100,25,150,25
2021-01-05,11:00:00,12,8382,24.0,721.0400000000002,721.48,721.0300000000002,721.6,25,25,105,25
2021-01-05,11:00:00,12,8382,25.0,721.21,721.5500000000002,721.2,721.5600000000002,117,25,10,112
2021-01-05,11:00:00,12,8382,26.0,720.7,720.74,720.6700000000002,721.39,19,10,1,111
2021-01-05,11:00:00,12,8382,27.0,721.22,721.48,721.02,721.49,17,45,25,10
2021-01-05,11:00:00,12,8382,28.0,721.0,721.34,720.94,721.35,10,130,5,100
2021-01-05,11:00:00,12,8382,29.0,720.8100000000002,721.0,720.8000000000002,721.14,125,181,400,25
2021-01-05,11:00:00,12,8382,30.0,721.07,721.33,721.0,721.34,35,20,2,110
2021-01-05,11:00:00,12,8382,31.0,720.2800000000002,720.51,720.26,720.62,120,26,2,2758
2021-01-05,11:00:00,12,8382,32.0,720.34,720.61,720.3000000000002,720.62,18,410,100,2724
2021-01-05,11:00:00,12,8382,33.0,720.33,720.6,720.3000000000002,720.61,18,210,105,100
2021-01-05,11:00:00,12,8382,34.0,721.0,721.35,720.84,721.4100000000002,37,45,25,3
2021-01-05,11:00:00,12,8382,35.0,721.12,721.35,721.11,721.4100000000002,25,45,100,3
2021-01-05,11:00:00,12,8382,36.0,720.72,721.2800000000002,720.6500000000002,721.2900000000002,25,5,10,10
2021-01-05,11:00:00,12,8382,37.0,720.6,720.99,720.59,721.1,1400,10,25,25
2021-01-05,11:00:00,12,8382,38.0,720.63,721.09,720.61,721.27,3,1,5,25
2021-01-05,11:00:00,12,8382,39.0,720.85,721.0,720.69,721.01,4,100,10,135
2021-01-05,11:00:00,12,8382,40.0,720.7800000000002,721.12,720.71,721.25,10,110,35,25
2021-01-05,11:00:00,12,8382,41.0,720.86,721.2800000000002,720.7800000000002,721.34,25,5,10,4
2021-01-05,11:00:00,12,8382,42.0,721.5,721.97,721.39,721.98,25,144,25,1
2021-01-05,11:00:00,12,8382,43.0,721.39,721.8000000000002,721.3000000000002,721.8100000000002,200,244,25,25
2021-01-05,11:00:00,12,8382,44.0,720.96,721.0500000000002,720.7800000000002,721.0600000000002,100,25,10,100
2021-01-05,11:00:00,12,8382,45.0,720.86,721.07,720.71,721.2,5,25,25,25
2021-01-05,11:00:00,12,8382,46.0,720.99,721.27,720.86,721.3000000000002,100,25,5,6
2021-01-05,11:00:00,12,8382,47.0,720.64,721.0,720.63,721.11,200,4,19,25
2021-01-05,11:00:00,12,8382,48.0,720.64,720.99,720.63,721.0,200,25,9,104
2021-01-05,11:00:00,12,8382,49.0,720.64,721.0,720.63,721.02,200,161,9,25
2021-01-05,11:00:00,12,8382,50.0,720.99,721.3000000000002,720.86,721.32,50,6,13,25
2021-01-05,11:00:00,12,8382,51.0,720.75,721.1,720.72,721.11,6,1,35,6
2021-01-05,11:00:00,12,8382,52.0,720.64,720.99,720.63,721.1,102,25,3,31
2021-01-05,11:00:00,12,8382,53.0,720.64,720.89,720.6,720.95,66,117,1447,6
2021-01-05,11:00:00,12,8382,54.0,720.64,720.89,720.6,720.98,76,17,1437,25
2021-01-05,11:00:00,12,8382,55.0,720.64,720.96,720.6,721.0400000000002,66,25,1447,80
2021-01-05,11:00:00,12,8382,56.0,720.73,720.88,720.6800000000002,720.99,10,25,10,25
2021-01-05,11:00:00,12,8382,57.0,720.89,721.32,720.88,721.34,10,100,10,40
2021-01-05,11:00:00,12,8382,58.0,721.27,721.64,721.22,721.6600000000002,106,1,35,51
2021-01-05,11:00:00,12,8382,59.0,721.0,721.51,720.99,721.52,999,35,25,10
2021-01-05,11:00:00,12,8382,60.0,721.0300000000002,721.6600000000002,721.0,721.6700000000002,35,51,1000,100
2021-01-05,11:00:00,12,8382,61.0,721.14,721.3100000000002,721.0400000000002,721.46,25,211,6,25
2021-01-05,11:00:00,12,8382,62.0,721.0,721.26,720.94,721.3100000000002,1110,12,100,10
2021-01-05,11:00:00,12,8382,63.0,721.0,721.26,720.95,721.2900000000002,1310,1,100,25
2021-01-05,11:00:00,12,8382,64.0,721.19,721.3100000000002,721.08,721.4000000000002,16,10,6,25
2021-01-05,11:00:00,12,8382,65.0,721.25,721.4100000000002,721.13,721.4200000000002,5,325,2,25
2021-01-05,11:00:00,12,8382,66.0,720.94,721.0400000000002,720.89,721.14,38,25,1,6
2021-01-05,11:00:00,12,8382,67.0,720.95,721.21,720.94,721.3000000000002,100,25,38,30
2021-01-05,11:00:00,12,8382,68.0,720.86,721.1500000000002,720.85,721.2,9,125,100,6
2021-01-05,11:00:00,12,8382,69.0,720.6700000000002,721.0,720.6600000000002,721.0400000000002,10,25,10,6
2021-01-05,11:00:00,12,8382,70.0,720.8000000000002,720.99,720.6800000000002,721.0,1,25,10,126
2021-01-05,11:00:00,12,8382,71.0,720.6500000000002,720.86,720.64,720.87,10,30,23,2
2021-01-05,11:00:00,12,8382,72.0,721.0400000000002,721.3000000000002,721.01,721.34,45,30,25,1
2021-01-05,11:00:00,12,8382,73.0,721.1,721.3000000000002,720.99,721.34,45,30,6,1
2021-01-05,11:00:00,12,8382,74.0,721.21,721.4000000000002,721.12,721.49,35,9,25,51
2021-01-05,11:00:00,12,8382,75.0,721.23,721.49,721.1,721.5,25,100,25,125
2021-01-05,11:00:00,12,8382,76.0,721.23,721.46,721.2,721.5,1,1,5,125
2021-01-05,11:00:00,12,8382,77.0,721.09,721.4200000000002,721.0,721.5,25,3,1,125
2021-01-05,11:00:00,12,8382,78.0,721.5500000000002,721.73,721.5300000000002,721.7800000000002,10,10,10,100
2021-01-05,11:00:00,12,8382,79.0,721.26,721.5,721.1600000000002,721.6500000000002,10,5,8,3
2021-01-05,11:00:00,12,8382,80.0,721.4200000000002,721.73,721.4100000000002,721.8000000000002,110,10,35,15
2021-01-05,11:00:00,12,8382,81.0,721.45,721.69,721.4200000000002,721.7,19,28,110,4
2021-01-05,11:00:00,12,8382,82.0,721.46,721.71,721.45,721.73,10,10,19,10
2021-01-05,11:00:00,12,8382,83.0,721.4200000000002,721.69,721.2900000000002,721.71,110,25,30,6
2021-01-05,11:00:00,12,8382,84.0,721.45,721.71,721.4200000000002,721.73,10,16,110,10
2021-01-05,11:00:00,12,8382,85.0,721.45,721.69,721.4200000000002,721.71,10,127,140,16
2021-01-05,11:00:00,12,8382,86.0,721.3000000000002,721.6700000000002,721.2800000000002,721.6800000000002,12,3,221,10
2021-01-05,11:00:00,12,8382,87.0,721.1500000000002,721.45,721.12,721.49,13,25,10,3
2021-01-05,11:00:00,12,8382,88.0,720.64,720.83,720.63,720.9300000000002,54,25,100,3
2021-01-05,11:00:00,12,8382,89.0,720.7,720.97,720.6600000000002,721.0,25,10,3,1
2021-01-05,11:00:00,12,8382,90.0,720.9200000000002,721.23,720.9000000000002,721.33,25,16,3,18
2021-01-05,11:00:00,12,8382,91.0,720.8100000000002,721.23,720.7,721.3000000000002,25,17,3,25
2021-01-05,11:00:00,12,8382,92.0,720.96,721.23,720.86,721.3000000000002,5,11,3,25
2021-01-05,11:00:00,12,8382,93.0,721.0,721.45,720.97,721.46,105,21,25,25
2021-01-05,11:00:00,12,8382,94.0,721.11,721.2900000000002,721.1,721.45,25,4,2,5
2021-01-05,11:00:00,12,8382,95.0,721.14,721.45,721.11,721.46,3,5,25,110
2021-01-05,11:00:00,12,8382,96.0,721.14,721.45,721.11,721.46,3,5,25,110
2021-01-05,11:00:00,12,8382,97.0,721.2,721.45,721.14,721.46,5,5,3,110
2021-01-05,11:00:00,12,8382,98.0,721.1,721.4100000000002,721.09,721.45,2,16,5,5
2021-01-05,11:00:00,12,8382,99.0,721.02,721.23,721.0,721.37,100,2,300,38
2021-01-05,11:00:00,12,8382,100.0,721.01,721.23,720.86,721.37,25,10,25,3
2021-01-05,11:00:00,12,8382,101.0,720.85,721.0,720.7800000000002,721.1,250,204,25,3
2021-01-05,11:00:00,12,8382,102.0,720.58,720.8000000000002,720.5600000000002,720.86,200,25,300,10
2021-01-05,11:00:00,12,8382,103.0,720.5600000000002,720.77,720.52,720.8100000000002,300,10,100,25
2021-01-05,11:00:00,12,8382,104.0,720.52,720.77,720.5,720.8100000000002,100,3,694,25
2021-01-05,11:00:00,12,8382,105.0,720.64,720.87,720.5600000000002,720.95,25,10,400,98
2021-01-05,11:00:00,12,8382,106.0,720.99,721.3100000000002,720.9100000000002,721.37,106,7,25,6
2021-01-05,11:00:00,12,8382,107.0,720.99,721.3100000000002,720.9200000000002,721.37,200,7,25,3
2021-01-05,11:00:00,12,8382,108.0,721.0,721.27,720.99,721.37,1,50,200,7
2021-01-05,11:00:00,12,8382,109.0,721.0,721.26,720.99,721.27,100,100,200,1156
2021-01-05,11:00:00,12,8382,110.0,721.0600000000002,721.26,720.99,721.27,25,910,200,46
2021-01-05,11:00:00,12,8382,111.0,721.1,721.26,720.99,721.27,25,736,200,46
2021-01-05,11:00:00,12,8382,112.0,721.1700000000002,721.45,721.14,721.46,4,5,125,100
2021-01-05,11:00:00,12,8382,113.0,721.1700000000002,721.45,721.14,721.46,7,5,125,100
2021-01-05,11:00:00,12,8382,114.0,721.19,721.45,721.1800000000002,721.46,100,5,25,100
2021-01-05,11:00:00,12,8382,115.0,721.51,721.69,721.5,721.71,25,5,50,3
2021-01-05,11:00:00,12,8382,116.0,721.5,721.69,721.46,721.71,50,5,300,3
2021-01-05,11:00:00,12,8382,117.0,721.52,721.74,721.5,721.75,100,100,50,612
2021-01-05,11:00:00,12,8382,118.0,721.5400000000002,721.8000000000002,721.52,721.83,25,100,100,4
2021-01-05,11:00:00,12,8382,119.0,721.33,721.59,721.3100000000002,721.69,59,25,40,4
2021-01-05,11:00:00,12,8382,120.0,721.37,721.64,721.33,721.75,98,6,84,733
2021-01-05,11:00:00,12,8382,121.0,721.33,721.6500000000002,721.3100000000002,721.75,59,39,40,743
2021-01-05,11:00:00,12,8382,122.0,721.26,721.6,721.21,721.63,100,25,200,4
2021-01-05,11:00:00,12,8382,123.0,721.21,721.36,721.19,721.44,7,25,24,730
2021-01-05,11:00:00,12,8382,124.0,721.07,721.48,721.0,721.63,25,1,33,4
2021-01-05,11:00:00,12,8382,125.0,721.0,721.38,720.99,721.4200000000002,35,134,200,10
2021-01-05,11:00:00,12,8382,126.0,721.11,721.2900000000002,721.0,721.38,100,25,35,864
2021-01-05,11:00:00,12,8382,127.0,721.0400000000002,721.38,721.0,721.4200000000002,25,854,199,10
2021-01-05,11:00:00,12,8382,128.0,721.5,721.75,721.4100000000002,721.7800000000002,25,3,4,124
2021-01-05,11:00:00,12,8382,129.0,721.52,721.75,721.4200000000002,721.7800000000002,25,3,4,124
2021-01-05,11:00:00,12,8382,130.0,721.44,721.85,721.38,721.9000000000002,5,100,615,4
2021-01-05,11:00:00,12,8382,131.0,721.5600000000002,721.8100000000002,721.45,721.85,5,85,100,125
2021-01-05,11:00:00,12,8382,132.0,721.6,721.88,721.5600000000002,721.9100000000002,36,5,5,25
2021-01-05,11:00:00,12,8382,133.0,721.74,722.21,721.6600000000002,722.26,100,25,5,25
2021-01-05,11:00:00,12,8382,134.0,722.0600000000002,722.39,722.0400000000002,722.4000000000002,5,1,50,25
2021-01-05,11:00:00,12,8382,135.0,722.1600000000002,722.46,722.0600000000002,722.47,25,1,5,25
2021-01-05,11:00:00,12,8382,136.0,722.0600000000002,722.37,722.0400000000002,722.5,100,25,50,5
2021-01-05,11:00:00,12,8382,137.0,722.4300000000002,722.6500000000002,722.33,722.76,100,25,5,5
2021-01-05,11:00:00,12,8382,138.0,722.1700000000002,722.49,722.07,722.5400000000002,50,3,25,35
2021-01-05,11:00:00,12,8382,139.0,722.1800000000002,722.39,722.1700000000002,722.51,50,25,100,25
2021-01-05,11:00:00,12,8382,140.0,722.1800000000002,722.61,722.1700000000002,722.6600000000002,50,25,100,25
2021-01-05,11:00:00,12,8382,141.0,722.2800000000002,722.5500000000002,722.23,722.61,36,25,5,125
2021-01-05,11:00:00,12,8382,142.0,722.2800000000002,722.6,722.1800000000002,722.61,2,50,5,25
2021-01-05,11:00:00,12,8382,143.0,722.2800000000002,722.58,722.1800000000002,722.6,2,31,5,50
2021-01-05,11:00:00,12,8382,144.0,722.1700000000002,722.46,722.0600000000002,722.47,1,116,125,35
2021-01-05,11:00:00,12,8382,145.0,722.1,722.46,722.0600000000002,722.47,3,10,100,10
2021-01-05,11:00:00,12,8382,146.0,722.2,722.58,722.08,722.59,26,10,50,25
2021-01-05,11:00:00,12,8382,147.0,722.47,722.8000000000002,722.4100000000002,722.84,1,6,1,100
2021-01-05,11:00:00,12,8382,148.0,722.49,722.74,722.48,722.8000000000002,1,25,25,6
2021-01-05,11:00:00,12,8382,149.0,722.0600000000002,722.47,722.0500000000002,722.5,119,28,25,2
2021-01-05,11:00:00,12,8382,150.0,722.07,722.27,722.0600000000002,722.47,25,32,119,3
2021-01-05,11:00:00,12,8382,151.0,721.7,722.1600000000002,721.6500000000002,722.2,10,25,25,3
2021-01-05,11:00:00,12,8382,152.0,721.7800000000002,722.07,721.76,722.08,200,7,25,1
2021-01-05,11:00:00,12,8382,153.0,721.7,721.9200000000002,721.63,722.0400000000002,7,25,3,25
2021-01-05,11:00:00,12,8382,154.0,721.7,722.0,721.63,722.0500000000002,7,125,3,25
2021-01-05,11:00:00,12,8382,155.0,721.5600000000002,721.83,721.5,721.94,5,50,293,25
2021-01-05,11:00:00,12,8382,156.0,721.59,721.8100000000002,721.52,722.0500000000002,36,1,1,25
2021-01-05,11:00:00,12,8382,157.0,721.5,721.6600000000002,721.49,721.7800000000002,293,25,50,125
2021-01-05,11:00:00,12,8382,158.0,721.52,721.7800000000002,721.5,721.8100000000002,100,125,293,1
2021-01-05,11:00:00,12,8382,159.0,721.38,721.6700000000002,721.37,721.71,739,25,30,3
2021-01-05,11:00:00,12,8382,160.0,721.37,721.52,721.23,721.5600000000002,100,10,2,25
2021-01-05,11:00:00,12,8382,161.0,721.61,721.8100000000002,721.6,721.83,100,1,10,25
2021-01-05,11:00:00,12,8382,162.0,721.6700000000002,722.0,721.6,722.08,25,100,10,1
2021-01-05,11:00:00,12,8382,163.0,721.84,722.08,721.73,722.12,25,1,100,25
2021-01-05,11:00:00,12,8382,164.0,721.94,722.1600000000002,721.86,722.19,20,25,4,300
2021-01-05,11:00:00,12,8382,165.0,722.09,722.37,722.02,722.5,25,50,4,405
2021-01-05,11:00:00,12,8382,166.0,722.09,722.37,722.02,722.5,25,50,104,405
2021-01-05,11:00:00,12,8382,167.0,722.09,722.37,722.02,722.47,125,50,104,25
2021-01-05,11:00:00,12,8382,168.0,722.09,722.37,722.02,722.5,225,50,104,405
2021-01-05,11:00:00,12,8382,169.0,722.21,722.5,722.1700000000002,722.62,125,405,4,50
2021-01-05,11:00:00,12,8382,170.0,722.21,722.5,722.1700000000002,722.63,125,280,4,25
2021-01-05,11:00:00,12,8382,171.0,722.22,722.5,722.21,722.64,25,285,100,50
2021-01-05,11:00:00,12,8382,172.0,722.22,722.48,722.21,722.5,25,84,100,285
2021-01-05,11:00:00,12,8382,173.0,722.36,722.7,722.22,722.77,25,100,25,1
2021-01-05,11:00:00,12,8382,174.0,722.37,722.7,722.36,722.74,125,100,4,25
2021-01-05,11:00:00,12,8382,175.0,722.37,722.7,722.36,722.74,125,100,4,25
2021-01-05,11:00:00,12,8382,176.0,722.52,722.95,722.4100000000002,722.96,4,10,50,10
2021-01-05,11:00:00,12,8382,177.0,722.5300000000002,722.96,722.52,722.97,100,1,4,4
2021-01-05,11:00:00,12,8382,178.0,722.5300000000002,722.96,722.52,722.97,100,101,50,4
2021-01-05,11:00:00,12,8382,179.0,722.5300000000002,722.95,722.5,722.96,100,10,4,101
2021-01-05,11:00:00,12,8382,180.0,722.6700000000002,722.95,722.62,722.96,100,10,25,101
2021-01-05,11:00:00,12,8382,181.0,722.25,722.5300000000002,722.23,722.63,100,100,5,25
2021-01-05,11:00:00,12,8382,182.0,722.35,722.63,722.32,722.75,100,35,125,10
2021-01-05,11:00:00,12,8382,183.0,722.35,722.52,722.32,722.5300000000002,100,125,100,11
2021-01-05,11:00:00,12,8382,184.0,722.36,722.5300000000002,722.35,722.61,25,11,198,200
2021-01-05,11:00:00,12,8382,185.0,722.35,722.5300000000002,722.32,722.61,198,11,103,200
2021-01-05,11:00:00,12,8382,186.0,722.2800000000002,722.37,722.25,722.4200000000002,100,100,100,2
2021-01-05,11:00:00,12,8382,187.0,722.1800000000002,722.35,722.09,722.37,1,1,100,113
2021-01-05,11:00:00,12,8382,188.0,722.09,722.23,722.0400000000002,722.25,100,25,2,110
2021-01-05,11:00:00,12,8382,189.0,722.09,722.35,722.0600000000002,722.37,125,1,4,13
2021-01-05,11:00:00,12,8382,190.0,721.52,721.76,721.5,721.77,100,10,6,10
2021-01-05,11:00:00,12,8382,191.0,721.52,721.7800000000002,721.5,721.7900000000002,100,11,7,25
2021-01-05,11:00:00,12,8382,192.0,721.52,721.74,721.5,721.85,200,33,7,50
2021-01-05,11:00:00,12,8382,193.0,721.5400000000002,721.74,721.52,721.85,10,33,200,50
2021-01-05,11:00:00,12,8382,194.0,721.5400000000002,721.74,721.5300000000002,721.85,10,32,100,79
2021-01-05,11:00:00,12,8382,195.0,721.5400000000002,721.74,721.5300000000002,721.85,10,32,100,75
2021-01-05,11:00:00,12,8382,196.0,721.64,721.89,721.5400000000002,721.9000000000002,25,10,10,4167
2021-01-05,11:00:00,12,8382,197.0,721.5600000000002,721.86,721.5400000000002,721.89,50,1,35,10
2021-01-05,11:00:00,12,8382,198.0,721.5600000000002,721.85,721.5400000000002,721.86,50,100,10,5
2021-01-05,11:00:00,12,8382,199.0,721.5400000000002,721.86,721.5300000000002,721.9000000000002,10,5,4,4167
2021-01-05,11:00:00,12,8382,200.0,721.5400000000002,721.86,721.5300000000002,721.9000000000002,10,15,4,4167
2021-01-05,11:00:00,12,8382,201.0,721.6500000000002,721.86,721.58,721.9000000000002,25,15,50,4167
2021-01-05,11:00:00,12,8382,202.0,721.6500000000002,721.86,721.63,721.9000000000002,25,15,3,4177
2021-01-05,11:00:00,12,8382,203.0,721.5600000000002,721.69,721.5400000000002,721.8000000000002,100,10,11,4
2021-01-05,11:00:00,12,8382,204.0,721.4000000000002,721.5600000000002,721.38,721.63,400,33,2,34
2021-01-05,11:00:00,12,8382,205.0,721.4100000000002,721.5600000000002,721.4000000000002,721.6500000000002,6,18,400,25
2021-01-05,11:00:00,12,8382,206.0,721.4100000000002,721.6800000000002,721.4000000000002,721.71,6,25,400,110
2021-01-05,11:00:00,12,8382,207.0,721.44,721.7,721.4200000000002,721.71,5,125,100,35
2021-01-05,11:00:00,12,8382,208.0,721.21,721.4000000000002,721.2,721.45,1,25,1,10
2021-01-05,11:00:00,12,8382,209.0,721.11,721.38,721.0400000000002,721.47,13,25,100,4
2021-01-05,11:00:00,12,8382,210.0,721.0,721.22,720.99,721.33,465,310,1,29
2021-01-05,11:00:00,12,8382,211.0,721.12,721.46,721.0500000000002,721.48,25,210,4,7
2021-01-05,11:00:00,12,8382,212.0,721.0,721.27,720.99,721.4100000000002,468,100,1,4
2021-01-05,11:00:00,12,8382,213.0,721.0,721.21,720.99,721.4100000000002,477,110,1,4
2021-01-05,11:00:00,12,8382,214.0,721.13,721.4100000000002,721.0500000000002,721.4300000000002,8,4,25,50
2021-01-05,11:00:00,12,8382,215.0,721.23,721.46,721.11,721.5,25,300,4,2
2021-01-05,11:00:00,12,8382,216.0,721.48,721.8000000000002,721.46,721.8100000000002,25,100,105,4
2021-01-05,11:00:00,12,8382,217.0,721.46,721.8100000000002,721.4000000000002,721.82,5,25,100,50
2021-01-05,11:00:00,12,8382,218.0,721.46,721.82,721.45,721.89,5,50,25,182
2021-01-05,11:00:00,12,8382,219.0,721.0300000000002,721.2800000000002,721.02,721.32,6,2,61,25
2021-01-05,11:00:00,12,8382,220.0,721.0300000000002,721.2900000000002,721.01,721.44,10,25,6,6
2021-01-05,11:00:00,12,8382,221.0,721.0300000000002,721.3000000000002,721.01,721.44,10,25,6,6
2021-01-05,11:00:00,12,8382,222.0,721.0300000000002,721.35,721.01,721.44,10,25,6,6
2021-01-05,11:00:00,12,8382,223.0,721.19,721.5300000000002,721.08,721.57,1,100,20,6
2021-01-05,11:00:00,12,8382,224.0,721.22,721.5,721.21,721.5300000000002,10,25,10,100
2021-01-05,11:00:00,12,8382,225.0,721.34,721.76,721.33,721.82,25,5,16,75
2021-01-05,11:00:00,12,8382,226.0,721.39,721.61,721.38,721.71,35,101,12,6
2021-01-05,11:00:00,12,8382,227.0,721.6500000000002,721.95,721.61,722.0,17,200,25,105
2021-01-05,11:00:00,12,8382,228.0,721.6500000000002,721.95,721.61,721.96,6,200,25,25
2021-01-05,11:00:00,12,8382,229.0,721.6600000000002,721.95,721.6500000000002,722.0,25,211,17,105
2021-01-05,11:00:00,12,8382,230.0,721.6500000000002,721.95,721.6,722.0,142,211,10,105
2021-01-05,11:00:00,12,8382,231.0,722.1,722.4200000000002,722.01,722.5,162,2,35,1
2021-01-05,11:00:00,12,8382,232.0,722.1,722.4200000000002,722.01,722.45,262,2,35,10
2021-01-05,11:00:00,12,8382,233.0,722.12,722.4200000000002,722.1,722.45,25,2,262,10
2021-01-05,11:00:00,12,8382,234.0,722.1500000000002,722.48,722.1,722.5,50,100,262,2
2021-01-05,11:00:00,12,8382,235.0,722.1600000000002,722.48,722.1500000000002,722.5,25,100,50,2
2021-01-05,11:00:00,12,8382,236.0,722.1700000000002,722.5,722.1600000000002,722.5400000000002,125,12,156,6
2021-01-05,11:00:00,12,8382,237.0,722.1800000000002,722.5,722.1700000000002,722.5400000000002,156,14,125,6
2021-01-05,11:00:00,12,8382,238.0,722.2800000000002,722.45,722.26,722.5,25,1,200,104
2021-01-05,11:00:00,12,8382,239.0,722.2800000000002,722.5,722.26,722.5500000000002,35,19,356,2
2021-01-05,11:00:00,12,8382,240.0,722.2800000000002,722.5,722.26,722.5500000000002,25,2,156,2
2021-01-05,11:00:00,12,8382,241.0,722.2800000000002,722.5,722.24,722.5500000000002,25,5,6,2
2021-01-05,11:00:00,12,8382,242.0,722.1500000000002,722.48,722.1,722.49,50,47,6,10
2021-01-05,11:00:00,12,8382,243.0,722.01,722.21,722.0,722.22,20,47,1583,10
2021-01-05,11:00:00,12,8382,244.0,722.01,722.21,722.0,722.3100000000002,20,82,1583,4
2021-01-05,11:00:00,12,8382,245.0,722.01,722.21,722.0,722.2800000000002,20,57,1583,17
2021-01-05,11:00:00,12,8382,246.0,722.0600000000002,722.33,722.0500000000002,722.4100000000002,6,10,4,25
2021-01-05,11:00:00,12,8382,247.0,722.12,722.33,722.11,722.46,20,35,14,50
2021-01-05,11:00:00,12,8382,248.0,722.12,722.33,722.11,722.4000000000002,20,160,14,25
2021-01-05,11:00:00,12,8382,249.0,722.1800000000002,722.33,722.0500000000002,722.36,42,163,29,25
2021-01-05,11:00:00,12,8382,250.0,722.0,722.32,721.9300000000002,722.33,1784,25,100,163
2021-01-05,11:00:00,12,8382,251.0,722.0600000000002,722.33,722.01,722.4300000000002,25,163,10,4
2021-01-05,11:00:00,12,8382,252.0,722.08,722.33,722.01,722.4100000000002,25,163,10,25
2021-01-05,11:00:00,12,8382,253.0,722.22,722.48,722.1,722.5,26,1,4,121
2021-01-05,11:00:00,12,8382,254.0,722.47,722.8100000000002,722.46,722.87,35,20,10,50
2021-01-05,11:00:00,12,8382,255.0,722.33,722.6800000000002,722.3100000000002,722.7,25,190,4,25
2021-01-05,11:00:00,12,8382,256.0,722.5,722.6700000000002,722.37,722.6800000000002,1,25,100,200
2021-01-05,11:00:00,12,8382,257.0,722.4200000000002,722.6800000000002,722.37,722.8100000000002,50,10,100,20
2021-01-05,11:00:00,12,8382,258.0,722.6500000000002,722.9300000000002,722.64,722.97,4,1,25,4
2021-01-05,11:00:00,12,8382,259.0,722.87,723.1800000000002,722.82,723.2,25,200,4,83
2021-01-05,11:00:00,12,8382,260.0,723.22,723.4100000000002,723.19,723.47,25,200,10,13
2021-01-05,11:00:00,12,8382,261.0,723.1800000000002,723.45,723.14,723.47,50,10,4,13
2021-01-05,11:00:00,12,8382,262.0,723.1800000000002,723.35,723.14,723.4200000000002,50,10,4,9
2021-01-05,11:00:00,12,8382,263.0,723.32,723.5600000000002,723.2800000000002,723.6,10,101,4,471
2021-01-05,11:00:00,12,8382,264.0,723.1800000000002,723.4200000000002,723.1700000000002,723.46,50,25,100,4
2021-01-05,11:00:00,12,8382,265.0,723.45,723.7800000000002,723.37,723.8000000000002,14,4,10,111
2021-01-05,11:00:00,12,8382,266.0,723.45,723.7800000000002,723.37,723.8000000000002,4,4,10,111
2021-01-05,11:00:00,12,8382,267.0,723.4000000000002,723.5,723.3000000000002,723.5300000000002,15,189,100,25
2021-01-05,11:00:00,12,8382,268.0,723.39,723.8000000000002,723.27,723.8100000000002,25,111,29,35
2021-01-05,11:00:00,12,8382,269.0,723.57,723.7,723.47,723.8000000000002,453,25,4,101
2021-01-05,11:00:00,12,8382,270.0,723.58,723.73,723.57,723.8000000000002,10,6,405,101
2021-01-05,11:00:00,12,8382,271.0,723.62,723.8000000000002,723.61,723.8100000000002,25,101,4,18
2021-01-05,11:00:00,12,8382,272.0,724.01,724.1800000000002,724.0,724.3000000000002,25,26,100,50
2021-01-05,11:00:00,12,8382,273.0,723.87,724.1800000000002,723.84,724.24,10,51,135,25
2021-01-05,11:00:00,12,8382,274.0,724.09,724.34,724.08,724.36,25,100,4,100
2021-01-05,11:00:00,12,8382,275.0,724.19,724.34,724.1,724.36,100,11,100,100
2021-01-05,11:00:00,12,8382,276.0,724.1,724.2,724.0500000000002,724.2900000000002,200,111,10,25
2021-01-05,11:00:00,12,8382,277.0,723.9000000000002,724.2,723.76,724.26,4,100,29,25
2021-01-05,11:00:00,12,8382,278.0,724.01,724.19,724.0,724.26,25,100,100,25
2021-01-05,11:00:00,12,8382,279.0,724.0,724.26,723.9000000000002,724.36,125,25,14,100
2021-01-05,11:00:00,12,8382,280.0,724.14,724.35,724.1,724.36,4,2,2,100
2021-01-05,11:00:00,12,8382,281.0,724.24,724.35,724.14,724.36,500,6,4,100
2021-01-05,11:00:00,12,8382,282.0,724.27,724.4000000000002,724.24,724.44,25,36,510,100
2021-01-05,11:00:00,12,8382,283.0,724.0,724.3000000000002,723.9000000000002,724.33,500,25,278,4
2021-01-05,11:00:00,12,8382,284.0,724.0,724.19,723.9000000000002,724.2,1,25,154,4
2021-01-05,11:00:00,12,8382,285.0,724.22,724.4000000000002,724.11,724.44,25,16,10,100
2021-01-05,11:00:00,12,8382,286.0,724.11,724.39,724.1,724.48,10,25,4,50
2021-01-05,11:00:00,12,8382,287.0,724.11,724.35,724.1,724.45,110,30,104,4
2021-01-05,11:00:00,12,8382,288.0,724.33,724.86,724.32,724.87,10,25,10,200
2021-01-05,11:00:00,12,8382,289.0,724.35,724.86,724.34,724.87,35,25,20,200
2021-01-05,11:00:00,12,8382,290.0,724.6700000000002,725.0,724.59,725.0400000000002,25,5915,200,200
2021-01-05,11:00:00,12,8382,291.0,724.59,724.95,724.57,724.96,200,25,100,504
2021-01-05,11:00:00,12,8382,292.0,724.6500000000002,724.86,724.59,724.9300000000002,10,25,200,10
2021-01-05,11:00:00,12,8382,293.0,724.7,724.96,724.6500000000002,725.0,31,500,10,6032
2021-01-05,11:00:00,12,8382,294.0,724.8100000000002,724.96,724.8000000000002,725.0,25,500,150,6007
2021-01-05,11:00:00,12,8382,295.0,724.8100000000002,725.0,724.8000000000002,725.0600000000002,3,100,150,29
2021-01-05,11:00:00,12,8382,296.0,724.6500000000002,724.9000000000002,724.58,725.0,10,4,25,100
2021-01-05,11:00:00,12,8382,297.0,724.51,724.73,724.46,724.75,100,100,35,4
2021-01-05,11:00:00,12,8382,298.0,724.51,724.6500000000002,724.36,724.73,200,500,200,125
2021-01-05,11:00:00,12,8382,299.0,724.51,724.6500000000002,724.36,724.73,300,250,200,125
2021-01-05,11:00:00,12,8382,300.0,724.37,724.6500000000002,724.35,724.73,6,260,2,125
2021-01-05,11:00:00,12,8382,301.0,724.59,724.8000000000002,724.5400000000002,724.8100000000002,406,110,5,25
2021-01-05,11:00:00,12,8382,302.0,724.59,724.75,724.5400000000002,724.76,406,2,5,25
2021-01-05,11:00:00,12,8382,303.0,724.59,724.75,724.5400000000002,724.76,409,2,5,25
2021-01-05,11:00:00,12,8382,304.0,724.59,724.75,724.5400000000002,724.7800000000002,410,5,55,25
2021-01-05,11:00:00,12,8382,305.0,724.4000000000002,724.71,724.3100000000002,724.74,106,100,25,10
2021-01-05,11:00:00,12,8382,306.0,724.4000000000002,724.71,724.2900000000002,724.75,106,110,5,5
2021-01-05,11:00:00,12,8382,307.0,724.24,724.6600000000002,724.12,724.71,111,25,100,120
2021-01-05,11:00:00,12,8382,308.0,724.33,724.7800000000002,724.26,724.7900000000002,5,10,25,75
2021-01-05,11:00:00,12,8382,309.0,725.22,725.49,725.1,725.5,32,100,25,154
2021-01-05,11:00:00,12,8382,310.0,725.4300000000002,725.89,725.39,725.99,50,25,105,813
2021-01-05,11:00:00,12,8382,311.0,725.5600000000002,725.95,725.5300000000002,725.98,200,26,130,10
2021-01-05,11:00:00,12,8382,312.0,726.6,726.89,726.45,726.9000000000002,25,18,25,1
2021-01-05,11:00:00,12,8382,313.0,726.58,726.9300000000002,726.5,726.94,25,10,10,10
2021-01-05,11:00:00,12,8382,314.0,725.84,726.22,725.8100000000002,726.33,10,25,25,7
2021-01-05,11:00:00,12,8382,315.0,726.22,726.5300000000002,726.21,726.5400000000002,20,10,25,10
2021-01-05,11:00:00,12,8382,316.0,726.0,726.36,725.9000000000002,726.37,101,20,7,25
2021-01-05,11:00:00,12,8382,317.0,726.01,726.35,726.0,726.36,21,10,100,20
2021-01-05,11:00:00,12,8382,318.0,725.7800000000002,726.13,725.74,726.14,61,35,7,27
2021-01-05,11:00:00,12,8382,319.0,725.84,726.0300000000002,725.7800000000002,726.13,1,100,61,25
2021-01-05,11:00:00,12,8382,320.0,725.5400000000002,725.89,725.47,725.9300000000002,7,25,25,11
2021-01-05,11:00:00,12,8382,321.0,725.6500000000002,725.9300000000002,725.58,725.97,61,1,25,25
2021-01-05,11:00:00,12,8382,322.0,726.0,726.32,725.89,726.35,100,7,25,10
2021-01-05,11:00:00,12,8382,323.0,726.0,726.27,725.89,726.2800000000002,100,35,25,20
2021-01-05,11:00:00,12,8382,324.0,726.0,726.35,725.95,726.36,100,10,25,10
2021-01-05,11:00:00,12,8382,325.0,726.0,726.2800000000002,725.9100000000002,726.3100000000002,100,10,25,25
2021-01-05,11:00:00,12,8382,326.0,725.6800000000002,725.99,725.6500000000002,726.08,30,35,361,7
2021-01-05,11:00:00,12,8382,327.0,725.6800000000002,725.97,725.6500000000002,725.99,30,5,368,41
2021-01-05,11:00:00,12,8382,328.0,725.6800000000002,725.9200000000002,725.6600000000002,725.97,30,10,100,5
2021-01-05,11:00:00,12,8382,329.0,726.0,726.4100000000002,725.97,726.4200000000002,200,100,25,25
2021-01-05,11:00:00,12,8382,330.0,726.08,726.4000000000002,726.0,726.4100000000002,4,100,210,100
2021-01-05,11:00:00,12,8382,331.0,726.09,726.4300000000002,726.0,726.44,100,37,200,10
2021-01-05,11:00:00,12,8382,332.0,726.09,726.32,726.0,726.37,36,25,200,1
2021-01-05,11:00:00,12,8382,333.0,726.1,726.49,726.09,726.5,25,25,36,220
2021-01-05,11:00:00,12,8382,334.0,726.2,726.5,726.1500000000002,726.5300000000002,10,310,4,25
2021-01-05,11:00:00,12,8382,335.0,726.39,726.5,726.19,726.51,87,310,4,100
2021-01-05,11:00:00,12,8382,336.0,726.35,726.47,726.27,726.5,22,20,25,320
2021-01-05,11:00:00,12,8382,337.0,726.09,726.4100000000002,726.01,726.46,136,10,4,10
2021-01-05,11:00:00,12,8382,338.0,726.1,726.3100000000002,726.09,726.32,3,100,380,25
2021-01-05,11:00:00,12,8382,339.0,726.1500000000002,726.32,726.12,726.39,4,100,50,10
2021-01-05,11:00:00,12,8382,340.0,726.32,726.85,726.3000000000002,726.98,25,25,4,13
2021-01-05,11:00:00,12,8382,341.0,726.12,726.48,726.0400000000002,726.5,28,115,15,25
2021-01-05,11:00:00,12,8382,342.0,726.0,726.21,725.99,726.22,100,10,8,35
2021-01-05,11:00:00,12,8382,343.0,726.0500000000002,726.37,726.0,726.39,4,25,8,100
2021-01-05,11:00:00,12,8382,344.0,726.12,726.36,726.11,726.39,30,10,4,100
2021-01-05,11:00:00,12,8382,345.0,726.12,726.25,726.0300000000002,726.36,30,50,4,10
2021-01-05,11:00:00,12,8382,346.0,726.0,726.25,725.99,726.36,107,50,8,10
2021-01-05,11:00:00,12,8382,347.0,726.21,726.38,726.1,726.45,25,15,4,200
2021-01-05,11:00:00,12,8382,348.0,726.21,726.38,726.1700000000002,726.48,25,15,25,115
2021-01-05,11:00:00,12,8382,349.0,726.21,726.48,726.1,726.5300000000002,25,125,4,25
2021-01-05,11:00:00,12,8382,350.0,726.21,726.45,726.1700000000002,726.48,25,10,25,115
2021-01-05,11:00:00,12,8382,351.0,726.21,726.4100000000002,726.0600000000002,726.44,25,10,17,35
2021-01-05,11:00:00,12,8382,352.0,726.21,726.4100000000002,726.1700000000002,726.44,25,202,25,10
2021-01-05,11:00:00,12,8382,353.0,726.1,726.4100000000002,726.0,726.4200000000002,216,210,113,25
2021-01-05,11:00:00,12,8382,354.0,726.2,726.4100000000002,726.1,726.48,30,210,100,115
2021-01-05,11:00:00,12,8382,355.0,726.0,726.2,725.9000000000002,726.23,112,21,25,25
2021-01-05,11:00:00,12,8382,356.0,725.6700000000002,725.9100000000002,725.6600000000002,726.0,25,11,150,1
2021-01-05,11:00:00,12,8382,357.0,725.6800000000002,725.9100000000002,725.6600000000002,726.0,25,11,150,1
2021-01-05,11:00:00,12,8382,358.0,725.85,726.0,725.7800000000002,726.12,1,58,25,10
2021-01-05,11:00:00,12,8382,359.0,725.6600000000002,725.9300000000002,725.64,726.0,200,210,10,48
2021-01-05,11:00:00,12,8382,360.0,725.71,725.9300000000002,725.6800000000002,726.0,49,110,25,48
2021-01-05,11:00:00,12,8382,361.0,725.6600000000002,725.82,725.64,725.84,200,100,10,25
2021-01-05,11:00:00,12,8382,362.0,725.6600000000002,725.8100000000002,725.64,725.89,200,25,10,31
2021-01-05,11:00:00,12,8382,363.0,725.6,725.7900000000002,725.51,725.8000000000002,600,10,7,210
2021-01-05,11:00:00,12,8382,364.0,725.6,725.8000000000002,725.51,725.83,600,210,14,200
2021-01-05,11:00:00,12,8382,365.0,725.35,725.6700000000002,725.34,725.7,11,10,10,25
2021-01-05,11:00:00,12,8382,366.0,725.34,725.6600000000002,725.27,725.6700000000002,10,185,7,35
2021-01-05,11:00:00,12,8382,367.0,725.4200000000002,725.6800000000002,725.34,725.83,25,590,10,25
2021-01-05,11:00:00,12,8382,368.0,725.39,725.6800000000002,725.34,725.8000000000002,25,590,10,50
2021-01-05,11:00:00,12,8382,369.0,725.34,725.6700000000002,725.3000000000002,725.6800000000002,10,10,100,605
2021-01-05,11:00:00,12,8382,370.0,725.59,725.89,725.58,725.97,10,31,17,25
2021-01-05,11:00:00,12,8382,371.0,725.34,725.61,725.3000000000002,725.62,10,25,100,10
2021-01-05,11:00:00,12,8382,372.0,725.35,725.62,725.34,725.73,25,10,10,10
2021-01-05,11:00:00,12,8382,373.0,725.37,725.74,725.36,725.82,35,200,10,10
2021-01-05,11:00:00,12,8382,374.0,725.38,725.74,725.37,725.75,10,210,10,25
2021-01-05,11:00:00,12,8382,375.0,725.34,725.52,725.32,725.6800000000002,10,25,150,5
2021-01-05,11:00:00,12,8382,376.0,725.3000000000002,725.49,725.27,725.52,200,11,7,25
2021-01-05,11:00:00,12,8382,377.0,725.22,725.48,725.21,725.64,177,11,6,25
2021-01-05,11:00:00,12,8382,378.0,725.4200000000002,725.6700000000002,725.36,725.73,10,10,16,25
2021-01-05,11:00:00,12,8382,379.0,725.19,725.51,725.1500000000002,725.5600000000002,100,10,15,49
2021-01-05,11:00:00,12,8382,380.0,725.1500000000002,725.51,725.11,725.5500000000002,15,10,18,25
2021-01-05,11:00:00,12,8382,381.0,725.1500000000002,725.51,725.11,725.5500000000002,40,10,18,25
2021-01-05,11:00:00,12,8382,382.0,725.51,725.82,725.48,725.86,25,10,6,25
2021-01-05,11:00:00,12,8382,383.0,725.58,725.82,725.5500000000002,725.89,100,10,25,31
2021-01-05,11:00:00,12,8382,384.0,725.63,726.0,725.62,726.0600000000002,15,188,6,49
2021-01-05,11:00:00,12,8382,385.0,725.63,726.0,725.62,726.01,5,5,6,25
2021-01-05,11:00:00,12,8382,386.0,725.63,726.0,725.62,726.12,5,5,6,25
2021-01-05,11:00:00,12,8382,387.0,725.63,725.99,725.62,726.0,5,10,6,5
2021-01-05,11:00:00,12,8382,388.0,725.82,726.2,725.8100000000002,726.22,35,115,62,1000
2021-01-05,11:00:00,12,8382,389.0,726.2900000000002,726.45,726.2800000000002,726.48,15,200,25,115
2021-01-05,11:00:00,12,8382,390.0,726.0500000000002,726.5,726.0300000000002,726.51,49,100,101,25
2021-01-05,11:00:00,12,8382,391.0,726.0300000000002,726.48,725.9300000000002,726.49,101,110,6,10
2021-01-05,11:00:00,12,8382,392.0,726.0300000000002,726.48,725.9300000000002,726.49,101,138,6,10
2021-01-05,11:00:00,12,8382,393.0,726.0300000000002,726.48,725.98,726.49,101,28,25,10
2021-01-05,11:00:00,12,8382,394.0,726.0300000000002,726.48,725.98,726.49,105,18,25,5
2021-01-05,11:00:00,12,8382,395.0,726.21,726.48,726.2,726.49,2,43,49,5
2021-01-05,11:00:00,12,8382,396.0,726.02,726.23,726.0,726.34,25,10,161,25
2021-01-05,11:00:00,12,8382,397.0,726.0,726.32,725.9000000000002,726.35,161,10,6,15
2021-01-05,11:00:00,12,8382,398.0,725.59,725.83,725.58,725.95,25,10,200,25
2021-01-05,11:00:00,12,8382,399.0,725.61,725.83,725.58,725.9300000000002,25,11,200,5
2021-01-05,11:00:00,12,8382,400.0,725.72,726.1,725.71,726.13,25,101,100,20
2021-01-05,11:00:00,12,8382,401.0,725.72,726.01,725.7,726.0300000000002,25,111,4,10
2021-01-05,11:00:00,12,8382,402.0,725.58,725.9200000000002,725.5500000000002,725.9300000000002,207,146,25,10
2021-01-05,11:00:00,12,8382,403.0,725.4000000000002,725.72,725.34,725.73,200,36,1,20
2021-01-05,11:00:00,12,8382,404.0,725.1,725.32,725.0600000000002,725.4300000000002,300,26,200,35
2021-01-05,11:00:00,12,8382,405.0,725.1,725.25,725.0,725.32,266,8,520,111
2021-01-05,11:00:00,12,8382,406.0,725.1700000000002,725.32,725.08,725.33,4,1,10,100
2021-01-05,11:00:00,12,8382,407.0,725.0600000000002,725.32,725.01,725.33,25,11,14,100
2021-01-05,11:00:00,12,8382,408.0,725.36,725.62,725.24,725.6800000000002,27,6,5,175
2021-01-05,11:00:00,12,8382,409.0,725.6800000000002,725.83,725.58,725.9100000000002,2,8,5,10
2021-01-05,11:00:00,12,8382,410.0,725.69,725.9200000000002,725.6800000000002,726.0,25,10,1,100
2021-01-05,11:00:00,12,8382,411.0,725.47,725.77,725.44,725.85,25,10,5,10
2021-01-05,11:00:00,12,8382,412.0,725.6,726.0,725.58,726.01,25,100,5,10
2021-01-05,11:00:00,12,8382,413.0,725.7800000000002,726.0,725.6800000000002,726.0300000000002,15,210,1,1
2021-01-05,11:00:00,12,8382,414.0,725.7800000000002,726.0,725.72,726.0300000000002,15,110,25,1
2021-01-05,11:00:00,12,8382,415.0,725.34,725.84,725.24,725.88,25,10,5,35
2021-01-05,11:00:00,12,8382,416.0,725.63,725.84,725.51,725.95,25,10,5,25
2021-01-05,11:00:00,12,8382,417.0,725.58,725.96,725.51,725.99,25,15,5,42
2021-01-05,11:00:00,12,8382,418.0,725.51,725.95,725.46,725.96,5,45,25,12
2021-01-05,11:00:00,12,8382,419.0,725.24,725.63,725.22,725.76,5,10,110,49
2021-01-05,11:00:00,12,8382,420.0,725.51,725.76,725.48,725.83,1,59,5,30
2021-01-05,11:00:00,12,8382,421.0,725.58,725.99,725.5300000000002,726.0,25,10,16,395
2021-01-05,11:00:00,12,8382,422.0,725.5400000000002,725.88,725.5300000000002,725.99,2,25,16,35
2021-01-05,11:00:00,12,8382,423.0,725.5300000000002,725.88,725.51,725.99,6,35,2,35
2021-01-05,11:00:00,12,8382,424.0,725.5300000000002,725.86,725.51,725.88,7,25,2,10
2021-01-05,11:00:00,12,8382,425.0,725.5300000000002,725.88,725.51,725.99,7,10,2,10
2021-01-05,11:00:00,12,8382,426.0,725.51,725.7,725.5,725.71,10,100,36,10
2021-01-05,11:00:00,12,8382,427.0,725.6,726.0,725.5600000000002,726.0300000000002,25,455,106,1
2021-01-05,11:00:00,12,8382,428.0,725.6700000000002,725.97,725.6,726.0,200,10,25,455
2021-01-05,11:00:00,12,8382,429.0,725.71,725.96,725.6700000000002,726.0,100,10,300,457
2021-01-05,11:00:00,12,8382,430.0,725.86,726.2,725.76,726.25,25,225,12,8
2021-01-05,11:00:00,12,8382,431.0,725.89,726.2,725.87,726.25,1,325,100,8
2021-01-05,11:00:00,12,8382,432.0,726.1500000000002,726.35,726.1,726.44,35,12,10,80
2021-01-05,11:00:00,12,8382,433.0,726.39,726.69,726.3100000000002,726.7,102,100,25,300
2021-01-05,11:00:00,12,8382,434.0,726.39,726.69,726.2900000000002,726.7,2,35,25,89
2021-01-05,11:00:00,12,8382,435.0,726.39,726.7,726.2900000000002,726.77,2,25,25,526
2021-01-05,11:00:00,12,8382,436.0,726.24,726.59,726.1700000000002,726.6,2,25,200,10
2021-01-05,11:00:00,12,8382,437.0,725.72,725.96,725.7,726.07,100,10,1,25
2021-01-05,11:00:00,12,8382,438.0,725.72,726.07,725.7,726.11,100,25,1,10
2021-01-05,11:00:00,12,8382,439.0,725.85,726.11,725.82,726.13,5,10,25,200
2021-01-05,11:00:00,12,8382,440.0,725.85,726.13,725.74,726.1500000000002,5,200,2,1
2021-01-05,11:00:00,12,8382,441.0,725.72,725.9300000000002,725.7,726.0,110,25,1,30
2021-01-05,11:00:00,12,8382,442.0,725.84,726.0,725.73,726.09,1,30,2,25
2021-01-05,11:00:00,12,8382,443.0,725.72,726.0,725.7,726.09,110,30,1,125
2021-01-05,11:00:00,12,8382,444.0,725.6700000000002,725.8100000000002,725.63,725.82,6,200,5,25
2021-01-05,11:00:00,12,8382,445.0,725.6700000000002,725.9100000000002,725.63,725.9200000000002,10,25,5,10
2021-01-05,11:00:00,12,8382,446.0,725.63,725.9200000000002,725.61,725.98,5,10,125,25
2021-01-05,11:00:00,12,8382,447.0,725.57,725.84,725.5600000000002,725.9200000000002,100,25,1,10
2021-01-05,11:00:00,12,8382,448.0,725.57,725.84,725.5600000000002,725.98,100,25,1,25
2021-01-05,11:00:00,12,8382,449.0,725.57,725.98,725.5600000000002,726.0,2,25,1,40
2021-01-05,11:00:00,12,8382,450.0,725.57,725.98,725.5600000000002,726.0,2,25,1,90
2021-01-05,11:00:00,12,8382,451.0,725.5600000000002,725.72,725.51,725.8000000000002,1,25,50,10
2021-01-05,11:00:00,12,8382,452.0,725.22,725.35,725.19,725.46,100,25,31,10
2021-01-05,11:00:00,12,8382,453.0,725.22,725.46,725.2,725.57,100,10,31,1000
2021-01-05,11:00:00,12,8382,454.0,725.23,725.57,725.22,725.58,2,1010,100,25
2021-01-05,11:00:00,12,8382,455.0,725.5400000000002,725.89,725.37,725.98,25,10,102,25
2021-01-05,11:00:00,12,8382,456.0,725.37,725.7800000000002,725.36,725.87,2,49,35,25
2021-01-05,11:00:00,12,8382,457.0,725.37,725.7800000000002,725.36,725.8100000000002,2,49,10,10
2021-01-05,11:00:00,12,8382,458.0,725.37,725.7800000000002,725.36,725.8100000000002,2,49,10,10
2021-01-05,11:00:00,12,8382,459.0,725.5600000000002,725.97,725.5400000000002,725.98,25,10,2,25
2021-01-05,11:00:00,12,8382,460.0,725.5400000000002,725.9000000000002,725.52,725.9100000000002,2,10,49,10
2021-01-05,11:00:00,12,8382,461.0,725.62,725.9200000000002,725.5500000000002,725.9300000000002,18,10,25,35
2021-01-05,11:00:00,12,8382,462.0,725.71,726.0,725.6800000000002,726.09,118,1061,2,25
2021-01-05,11:00:00,12,8382,463.0,725.6800000000002,725.99,725.6600000000002,726.0,2,100,11,1061
2021-01-05,11:00:00,12,8382,464.0,725.6800000000002,725.97,725.6600000000002,725.98,2,100,1,10
2021-01-05,11:00:00,12,8382,465.0,725.7800000000002,725.99,725.76,726.0,25,100,100,1161
2021-01-05,11:00:00,12,8382,466.0,725.76,725.98,725.6800000000002,726.0,100,120,2,1161
2021-01-05,11:00:00,12,8382,467.0,725.76,725.98,725.6800000000002,726.0,100,120,2,1171
2021-01-05,11:00:00,12,8382,468.0,725.61,725.97,725.5400000000002,725.98,1,10,2,20
2021-01-05,11:00:00,12,8382,469.0,725.5400000000002,725.8000000000002,725.5,725.95,2,25,2,35
2021-01-05,11:00:00,12,8382,470.0,725.75,726.0,725.72,726.0600000000002,100,1171,25,25
2021-01-05,11:00:00,12,8382,471.0,725.9200000000002,726.25,725.9100000000002,726.36,12,13,135,10
2021-01-05,11:00:00,12,8382,472.0,726.27,726.59,726.11,726.6,27,25,2,10
2021-01-05,11:00:00,12,8382,473.0,726.27,726.59,726.1700000000002,726.6,27,10,11,20
2021-01-05,11:00:00,12,8382,474.0,726.27,726.5,726.23,726.58,2,50,25,35
2021-01-05,11:00:00,12,8382,475.0,726.3000000000002,726.49,726.2,726.5,100,27,25,10
2021-01-05,11:00:00,12,8382,476.0,726.3000000000002,726.45,726.24,726.5,100,4,25,10
2021-01-05,11:00:00,12,8382,477.0,726.32,726.5,726.3000000000002,726.59,25,10,100,20
2021-01-05,11:00:00,12,8382,478.0,726.5400000000002,726.86,726.49,726.87,10,100,110,25
2021-01-05,11:00:00,12,8382,479.0,726.62,727.0,726.61,727.01,10,340,25,10
2021-01-05,11:00:00,12,8382,480.0,726.52,726.96,726.51,726.97,2,10,25,10
2021-01-05,11:00:00,12,8382,481.0,726.64,726.9300000000002,726.52,726.94,3,100,4,25
2021-01-05,11:00:00,12,8382,482.0,726.64,726.9000000000002,726.52,726.97,103,110,4,1
2021-01-05,11:00:00,12,8382,483.0,726.64,726.9000000000002,726.52,726.97,103,135,4,1
2021-01-05,11:00:00,12,8382,484.0,726.02,726.39,726.0,726.4000000000002,100,10,3,10
2021-01-05,11:00:00,12,8382,485.0,726.02,726.35,726.0,726.37,100,100,3,25
2021-01-05,11:00:00,12,8382,486.0,726.02,726.33,726.0,726.37,100,110,3,25
2021-01-05,11:00:00,12,8382,487.0,726.02,726.32,726.0,726.33,100,100,3,10
2021-01-05,11:00:00,12,8382,488.0,726.02,726.32,726.0,726.33,100,100,203,10
2021-01-05,11:00:00,12,8382,489.0,726.0500000000002,726.2800000000002,726.02,726.33,1,100,100,35
2021-01-05,11:00:00,12,8382,490.0,725.86,726.1600000000002,725.85,726.1700000000002,100,25,8,100
2021-01-05,11:00:00,12,8382,491.0,725.89,726.1600000000002,725.88,726.1700000000002,100,25,1,10
2021-01-05,11:00:00,12,8382,492.0,725.89,726.1600000000002,725.88,726.1700000000002,2,100,1,10
2021-01-05,11:00:00,12,8382,493.0,725.89,726.1700000000002,725.88,726.33,27,10,1,125
2021-01-05,11:00:00,12,8382,494.0,726.08,726.32,726.0400000000002,726.36,25,10,100,25
2021-01-05,11:00:00,12,8382,495.0,725.9100000000002,726.2,725.89,726.21,100,120,27,10
2021-01-05,11:00:00,12,8382,496.0,725.89,726.0,725.88,726.0500000000002,2,100,1,100
2021-01-05,11:00:00,12,8382,497.0,725.9100000000002,726.1,725.89,726.11,188,25,2,10
2021-01-05,11:00:00,12,8382,498.0,725.9100000000002,726.1700000000002,725.89,726.1800000000002,188,10,2,10
2021-01-05,11:00:00,12,8382,499.0,725.9100000000002,726.1600000000002,725.89,726.1800000000002,188,25,2,10
2021-01-05,11:00:00,12,8382,500.0,725.9100000000002,726.1800000000002,725.89,726.2,188,10,2,10
